cylinders,mpg_mean,mpg_std,fuel_efficiency_km_per_l_mean,fuel_efficiency_km_per_l_std
3,20.55,2.5645012510557805,8.733749999999999,1.0899130316987067
4,29.28391959798995,5.670546150951294,12.445665829145728,2.4099821141543
5,27.366666666666664,8.228203530135438,11.630833333333333,3.4969865003075618
6,19.973493975903615,3.828808779195717,8.488734939759036,1.6272437311581796
8,14.963106796116506,2.836284171278944,6.359320388349515,1.2054207727935506
