{"Diesel": {"mean_emissions": 144.7155172413793, "std_emissions": 26.119872196104417}, "Electric": {"mean_emissions": 0.0, "std_emissions": 0.0}, "Gasoline": {"mean_emissions": 182.55350378787878, "std_emissions": 31.876285161947642}}