Engine_Type,Mean_Emissions,Std_Emissions
Diesel,144.7155172413793,26.119872196104417
Electric,0.0,0.0
Gasoline,182.55350378787878,31.876285161947642
