Fuel Type,Mean_Emissions,Std_Emissions,Engine_Type
Diesel,144.7155172413793,26.119872196104417,Diesel
Electric,0.0,0.0,Electric
Natural Gas,146.5340909090909,29.361762836776627,Gasoline
Regular Gasoline,218.57291666666666,34.39080748711866,Gasoline
