{
  "Generator": {
    "fuel_consumed": {
      "mean": 81.24221785166667,
      "std": 156.18830863138206,
      "min": 13.10404174,
      "max": 400.0
    },
    "load": {
      "mean": 100.85574290166666,
      "std": 102.03568589133934,
      "min": 14.97405371,
      "max": 300.0
    },
    "rpm": {
      "mean": 2516.4130384,
      "std": 613.7309866097837,
      "min": 1659.590523,
      "max": 3199.322416
    },
    "speed": {
      "mean": 58.89782485,
      "std": 27.00174142081136,
      "min": 13.40152285,
      "max": 87.66536027
    },
    "fuel_efficiency": {
      "mean": 5.4873074925,
      "std": 2.059256768188587,
      "min": 2.701388244,
      "max": 7.438832666
    },
    "emission_rate": {
      "mean": 164.35122185,
      "std": 48.86678235338937,
      "min": 105.0298652,
      "max": 231.5148455
    },
    "idle_time": {
      "mean": 24.73881966516667,
      "std": 11.686197764950737,
      "min": 9.757016361,
      "max": 37.20795587
    },
    "fuel_tank_capacity": {
      "mean": 225.0,
      "std": 41.83300132670378,
      "min": 150.0,
      "max": 250.0
    }
  },
  "Truck": {
    "fuel_consumed": {
      "mean": 14.6921704712,
      "std": 6.088064999691736,
      "min": 5.868015666,
      "max": 21.04218498
    },
    "load": {
      "mean": 98.11979012200001,
      "std": 33.02878395966696,
      "min": 40.07477791,
      "max": 118.6003742
    },
    "rpm": {
      "mean": 2249.1668758,
      "std": 686.9984471489001,
      "min": 1348.742733,
      "max": 3191.928409
    },
    "speed": {
      "mean": 37.617809842,
      "std": 30.710955363767496,
      "min": 0.0,
      "max": 75.51372557
    },
    "fuel_efficiency": {
      "mean": 4.9722262282,
      "std": 0.8520694513539725,
      "min": 3.870332407,
      "max": 5.766248318
    },
    "emission_rate": {
      "mean": 171.52527265999998,
      "std": 43.05108428061132,
      "min": 119.1232993,
      "max": 214.3688029
    },
    "idle_time": {
      "mean": 38.371630436,
      "std": 19.35052851193966,
      "min": 16.64287098,
      "max": 58.46368846
    },
    "fuel_tank_capacity": {
      "mean": 210.0,
      "std": 41.83300132670378,
      "min": 150.0,
      "max": 250.0
    }
  },
  "Excavator": {
    "fuel_consumed": {
      "mean": 16.748402142333333,
      "std": 7.063988151032876,
      "min": 6.657826434,
      "max": 24.55801338
    },
    "load": {
      "mean": 62.961061343333334,
      "std": 38.36083953011574,
      "min": 12.90036719,
      "max": 105.1194614
    },
    "rpm": {
      "mean": 2212.7921585,
      "std": 918.1584247228927,
      "min": 1072.538221,
      "max": 3089.722465
    },
    "speed": {
      "mean": 46.982654276666665,
      "std": 15.292985227970222,
      "min": 34.8255467,
      "max": 70.40797681
    },
    "fuel_efficiency": {
      "mean": 4.887929438333333,
      "std": 1.9100632645292392,
      "min": 2.835632436,
      "max": 7.363355498
    },
    "emission_rate": {
      "mean": 194.38802339999998,
      "std": 30.8682147593537,
      "min": 151.854399,
      "max": 223.1885957
    },
    "idle_time": {
      "mean": 43.59102551833333,
      "std": 13.234063804671,
      "min": 21.20113368,
      "max": 59.17264467
    },
    "fuel_tank_capacity": {
      "mean": 191.66666666666666,
      "std": 49.15960401250875,
      "min": 150.0,
      "max": 250.0
    }
  },
  "Forklift": {
    "fuel_consumed": {
      "mean": 16.270132818666667,
      "std": 6.898266358859817,
      "min": 9.750129426,
      "max": 23.4928666
    },
    "load": {
      "mean": 55.75338841666667,
      "std": 41.61394321743315,
      "min": 16.20130463,
      "max": 99.16086639
    },
    "rpm": {
      "mean": 1899.0643496666669,
      "std": 449.67887615641456,
      "min": 1393.635444,
      "max": 2254.819123
    },
    "speed": {
      "mean": 38.196851077,
      "std": 46.151126298247256,
      "min": 2.878267631,
      "max": 90.41586945
    },
    "fuel_efficiency": {
      "mean": 5.964692905666666,
      "std": 2.1865374884039763,
      "min": 3.490934839,
      "max": 7.638992742
    },
    "emission_rate": {
      "mean": 162.4084389,
      "std": 56.42981766361891,
      "min": 122.4876141,
      "max": 226.9678438
    },
    "idle_time": {
      "mean": 31.272618332666667,
      "std": 26.173390448998237,
      "min": 4.664078218,
      "max": 56.9879948
    },
    "fuel_tank_capacity": {
      "mean": 183.33333333333334,
      "std": 28.867513459481287,
      "min": 150.0,
      "max": 200.0
    }
  }
}