equipment_type,city_efficiency_km_per_l,highway_efficiency_km_per_l,combined_efficiency_km_per_l,city_consumption_l_per_100km,highway_consumption_l_per_100km,combined_consumption_l_per_100km
Bulldozer,6.718262828045436,8.432246376811593,7.3610066588327445,15.671268612703,12.446011069405412,14.249681279551632
Forklift,9.518191489361701,12.498767730496454,10.578531323877069,12.801831191636476,8.992587411995903,11.090536666972758
Loader,6.822533136966126,8.600147275405007,7.481314432989691,15.83936900622257,12.289888130829313,14.274357144305098
Truck,8.820132563435264,11.38570022771633,9.756307742355236,13.018423185764902,9.617073689698723,11.4994197483916
