{"hourly": {"0.0": 0.837359539695108, "1.0": 0.7939474370413011, "2.0": 0.7676993121358058, "3.0": 0.7534810919375168, "4.0": 0.7488476430996437, "5.0": 0.7572292405046886, "6.0": 0.7893203847988753, "7.0": 0.8453117217538684, "8.0": 0.8851302597984794, "9.0": 0.9047902734457536, "10.0": 0.9194632196320771, "11.0": 0.9313928164422491, "12.0": 0.9358595313921786, "13.0": 0.9396802259200981, "14.0": 0.942221872746943, "15.0": 0.9394118939017847, "16.0": 0.9363950673183452, "17.0": 0.9417758776595244, "18.0": 0.9541779633989782, "19.0": 0.960154542619522, "20.0": 0.958601143165466, "21.0": 0.9566718124644928, "22.0": 0.9399807371567326, "23.0": 0.8923459808995191}, "weekday": {"0.0": 0.8765387783472869, "1.0": 0.884510195394319, "2.0": 0.8852722695560931, "3.0": 0.8855621213075772, "4.0": 0.8882919426950917, "5.0": 0.8968616905609086, "6.0": 0.8755542712936583}, "monthly": {"1.0": 0.9079665227959882, "2.0": 0.9070957355158956, "3.0": 0.8993591233827448, "4.0": 0.9045259903525025, "5.0": 0.8871178460672203, "6.0": 0.8510004452368457, "7.0": 0.841534295358198, "8.0": 0.8413274705210199, "9.0": 0.8670828319053365, "10.0": 0.8975731790384799, "11.0": 0.9018214304163172, "12.0": 0.9069721491912139}}