Is_Weekend,Mean_Consumption_Pct,Std_Consumption_Pct
0,88.40349892152473,10.036213854716745
1,88.62141327402142,9.426023003809004
