Weekday,Mean_Consumption_Pct,Std_Consumption_Pct
0,87.65387783472869,10.963537714183085
1,88.4510195394319,10.072261619937992
2,88.52722695560931,9.866427838965183
3,88.55621213075771,9.832603920512156
4,88.82919426950917,9.337560786238608
5,89.68616905609086,8.91438044569406
6,87.55542712936582,9.79684365537828
