{"500-1000": 7.419926851054157, "1000-1500": 10.010166973550444, "1500-2000": 14.716557524351611, "2000-2500": 18.616501648175856, "2500-3000": 23.838134817325262, "3000-3500": 28.33501707936521, "3500-4000": 32.831899341405155}